"Date","Price","Open","High","Low","Vol.","Change %"
"01/11/2026","4,958.99","4,998.55","5,002.05","4,918.67","","-0.79%"
"01/04/2026","4,998.55","4,953.61","5,011.96","4,953.61","","1.79%"
"12/28/2025","4,910.61","4,865.34","4,916.03","4,865.34","","0.55%"
"12/21/2025","4,883.57","4,860.63","4,896.65","4,860.63","","1.08%"
"12/14/2025","4,831.41","4,853.91","4,867.83","4,828.19","","-2.67%"
"12/07/2025","4,963.83","4,941.84","4,970.71","4,933.47","","1.58%"
"11/30/2025","4,886.57","4,927.49","4,936.95","4,877.77","","-2.82%"
"11/23/2025","5,028.14","5,009.80","5,042.79","5,009.80","","3.27%"
"11/16/2025","4,869.01","4,901.38","4,940.02","4,866.52","","3.54%"
"11/09/2025","4,702.69","4,825.33","4,832.21","4,692.75","","-5.34%"
"11/02/2025","4,967.94","4,986.89","4,986.89","4,928.21","","-3.01%"
"10/26/2025","5,122.22","5,092.40","5,129.99","5,092.40","","-0.54%"
"10/19/2025","5,149.89","5,094.70","5,155.17","5,094.70","","0.60%"
"10/12/2025","5,119.42","5,116.51","5,158.73","5,099.07","","-3.11%"
"10/05/2025","5,283.72","5,337.86","5,351.65","5,283.72","","-2.44%"
"09/28/2025","5,415.79","5,389.78","5,438.61","5,389.78","","0.01%"
"09/21/2025","5,415.13","5,392.65","5,455.05","5,392.65","","-0.64%"
"09/14/2025","5,449.93","5,492.34","5,499.40","5,449.93","","-1.34%"
"09/07/2025","5,523.78","5,473.15","5,538.24","5,464.00","","-1.61%"
"08/31/2025","5,614.28","5,631.62","5,649.91","5,614.04","","1.75%"
"08/24/2025","5,517.95","5,443.31","5,521.79","5,443.31","","2.66%"
"08/17/2025","5,374.96","5,410.90","5,429.35","5,340.55","","0.46%"
"08/10/2025","5,350.25","5,314.33","5,375.35","5,314.33","","-1.07%"
"08/03/2025","5,408.07","5,471.16","5,491.48","5,405.14","","-0.65%"
"07/27/2025","5,443.42","5,352.20","5,459.54","5,352.20","","0.95%"
"07/20/2025","5,392.04","5,363.95","5,411.95","5,350.99","","5.06%"
"07/13/2025","5,132.48","5,116.90","5,160.86","5,116.90","","1.27%"
"07/06/2025","5,068.04","5,035.47","5,091.91","5,035.47","","3.55%"
"06/29/2025","4,894.07","4,865.33","4,901.15","4,859.46","","1.27%"
"06/22/2025","4,832.83","4,767.64","4,836.72","4,766.27","","1.65%"
"06/15/2025","4,754.41","4,776.83","4,804.87","4,753.57","","0.96%"
"06/01/2025","4,709.09","4,664.79","4,718.57","4,664.79","","1.53%"
"05/25/2025","4,637.92","4,615.41","4,662.12","4,588.44","","-3.08%"
"05/18/2025","4,785.12","4,801.32","4,824.97","4,785.12","","-0.73%"
"05/11/2025","4,820.47","4,781.02","4,831.05","4,761.50","","-1.67%"
"05/04/2025","4,902.28","4,802.42","4,909.45","4,802.42","","-0.32%"
"04/27/2025","4,917.92","4,935.62","4,957.47","4,916.42","","-1.10%"
"04/20/2025","4,972.60","5,022.47","5,030.19","4,971.94","","-2.45%"
"04/13/2025","5,097.33","5,205.23","5,218.92","5,097.33","","-2.07%"
"04/06/2025","5,205.23","5,219.16","5,239.23","5,173.90","","-0.27%"
"03/23/2025","5,219.16","5,201.70","5,229.01","5,180.08","","0.34%"
"03/16/2025","5,201.70","5,225.61","5,239.70","5,198.23","","-0.46%"
"03/09/2025","5,225.61","5,203.96","5,231.75","5,167.73","","0.42%"
"03/02/2025","5,203.96","5,247.30","5,266.54","5,193.36","","-0.83%"
"02/23/2025","5,247.30","5,200.37","5,286.49","5,200.37","","0.90%"
"02/16/2025","5,200.37","5,201.48","5,237.92","5,182.55","","-0.02%"
"02/09/2025","5,201.48","5,179.18","5,211.69","5,160.22","","0.43%"
"02/02/2025","5,179.18","5,112.90","5,191.98","5,112.90","","1.30%"
"01/26/2025","5,112.90","5,132.39","5,148.58","5,110.56","","-1.04%"
"01/19/2025","5,166.53","5,195.83","5,195.83","5,195.83","","0.64%"
"01/12/2025","5,133.92","5,151.88","5,151.88","5,151.88","","-1.16%"
"01/05/2025","5,194.43","5,198.84","5,198.84","5,198.84","","-0.10%"
"12/29/2024","5,199.62","5,216.44","5,216.44","5,216.44","","0.29%"
"12/22/2024","5,184.45","5,170.79","5,170.79","5,170.79","","-0.71%"
"12/15/2024","5,221.57","5,224.58","5,224.58","5,224.58","","2.27%"
"12/08/2024","5,105.43","5,166.98","5,166.98","5,166.98","","-1.76%"
"12/01/2024","5,196.82","5,201.94","5,201.94","5,201.94","","0.08%"
"11/24/2024","5,192.59","5,136.13","5,136.13","5,136.13","","-0.10%"
"11/17/2024","5,197.58","5,300.07","5,300.07","5,300.07","","-2.95%"
"11/10/2024","5,355.33","5,333.42","5,333.42","5,333.42","","0.73%"
"11/03/2024","5,316.33","5,252.50","5,252.50","5,252.50","","2.25%"
"10/27/2024","5,199.40","4,898.53","4,898.53","4,898.53","","1.66%"
"10/20/2024","5,114.60","5,173.11","5,173.11","5,173.11","","-2.73%"
"10/13/2024","5,257.98","5,373.54","5,373.54","5,373.54","","-3.03%"
"10/06/2024","5,422.06","5,335.06","5,335.06","5,335.06","","-0.74%"
"09/29/2024","5,462.58","5,624.50","5,624.50","5,624.50","","-3.13%"
"09/22/2024","5,639.13","5,760.39","5,760.39","5,760.39","","-1.68%"
"09/15/2024","5,735.27","5,681.60","5,681.60","5,681.60","","0.15%"
"09/08/2024","5,726.52","5,629.54","5,629.54","5,629.54","","-0.04%"
"09/01/2024","5,728.65","5,803.71","5,803.71","5,803.71","","-1.31%"
"08/25/2024","5,804.42","5,700.59","5,700.59","5,700.59","","1.83%"
"08/18/2024","5,699.92","5,775.49","5,775.49","5,775.49","","-3.45%"
"08/11/2024","5,903.84","5,932.28","5,932.28","5,932.28","","-0.35%"
"08/04/2024","5,924.81","5,426.42","5,426.42","5,426.42","","11.08%"
"07/28/2024","5,333.94","5,330.24","5,330.24","5,330.24","","-1.47%"
"07/21/2024","5,413.65","5,350.83","5,350.83","5,350.83","","-0.60%"
"07/14/2024","5,446.50","5,484.97","5,484.97","5,484.97","","-1.09%"
"07/07/2024","5,506.78","5,564.63","5,564.63","5,564.63","","0.17%"
"06/30/2024","5,497.56","5,340.19","5,340.19","5,340.19","","2.65%"
"06/23/2024","5,355.41","5,220.19","5,220.19","5,220.19","","2.12%"
"06/16/2024","5,244.13","5,161.38","5,161.38","5,161.38","","2.47%"
"06/09/2024","5,117.81","5,105.89","5,105.89","5,105.89","","-2.28%"
"06/02/2024","5,237.32","5,235.63","5,235.63","5,235.63","","-0.28%"
"05/26/2024","5,251.96","5,310.52","5,310.52","5,310.52","","-1.14%"
"05/19/2024","5,312.40","5,371.10","5,371.10","5,371.10","","-3.72%"
"05/12/2024","5,517.42","5,585.62","5,585.62","5,585.62","","-2.54%"
"05/05/2024","5,661.05","5,661.05","5,661.05","5,661.05","","0.81%"
"04/28/2024","5,615.65","5,569.69","5,569.69","5,569.69","","1.76%"
"04/21/2024","5,518.48","5,674.87","5,674.87","5,674.87","","-2.96%"
"04/14/2024","5,686.69","5,778.77","5,778.77","5,778.77","","-3.03%"
"04/07/2024","5,864.09","5,860.23","5,860.23","5,860.23","","1.17%"
"03/31/2024","5,796.12","5,761.38","5,761.38","5,761.38","","0.31%"
"03/24/2024","5,778.33","5,834.39","5,834.39","5,834.39","","-2.75%"
"03/17/2024","5,941.66","5,898.24","5,898.24","5,898.24","","-0.44%"
"03/10/2024","5,968.04","6,058.39","6,058.39","6,058.39","","-2.37%"
"03/03/2024","6,112.76","6,175.25","6,175.25","6,175.25","","-2.27%"
"02/25/2024","6,254.54","6,272.73","6,272.73","6,272.73","","-0.31%"
"02/18/2024","6,273.96","6,258.98","6,258.98","6,258.98","","-0.98%"
"02/11/2024","6,336.25","6,424.93","6,424.93","6,424.93","","-0.58%"
"02/04/2024","6,373.35","6,322.60","6,322.60","6,322.60","","2.56%"
"01/28/2024","6,213.99","6,097.23","6,097.23","6,097.23","","0.94%"
"01/21/2024","6,156.41","6,254.31","6,254.31","6,254.31","","-2.85%"
"01/14/2024","6,336.76","6,318.08","6,318.08","6,318.08","","0.56%"
"01/07/2024","6,301.70","6,269.51","6,269.51","6,269.51","","0.92%"
"12/31/2023","6,244.17","6,242.87","6,242.87","6,242.87","","-0.04%"
"12/24/2023","6,246.50","6,245.24","6,245.24","6,245.24","","-0.04%"
"12/17/2023","6,249.29","6,251.17","6,251.17","6,251.17","","-0.28%"
"12/10/2023","6,266.85","6,264.35","6,264.35","6,264.35","","0.23%"
"12/03/2023","6,252.56","6,244.40","6,244.40","6,244.40","","0.47%"
"11/26/2023","6,223.03","6,209.44","6,209.44","6,209.44","","-0.17%"
"11/19/2023","6,233.71","6,221.73","6,221.73","6,221.73","","-0.37%"
"11/12/2023","6,257.15","6,245.81","6,245.81","6,245.81","","-0.23%"
"11/05/2023","6,271.84","6,277.63","6,277.63","6,277.63","","0.06%"
"10/29/2023","6,267.90","6,278.66","6,278.66","6,278.66","","-0.13%"
"10/22/2023","6,275.83","6,282.48","6,282.48","6,282.48","","-0.21%"
"10/15/2023","6,289.01","6,265.16","6,265.16","6,265.16","","0.31%"
"10/08/2023","6,269.35","6,229.61","6,229.61","6,229.61","","0.12%"
"10/01/2023","6,261.72","6,272.94","6,272.94","6,272.94","","-0.36%"
"09/24/2023","6,284.63","6,282.78","6,282.78","6,282.78","","-0.40%"
"09/17/2023","6,309.75","6,310.98","6,310.98","6,310.98","","0.12%"
"09/10/2023","6,302.03","6,283.86","6,283.86","6,283.86","","-0.08%"
"09/03/2023","6,307.08","6,307.82","6,307.82","6,307.82","","0.12%"
"08/27/2023","6,299.50","6,299.66","6,299.66","6,299.66","","0.31%"
"08/20/2023","6,280.09","6,291.83","6,291.83","6,291.83","","0.40%"
"08/13/2023","6,254.83","6,257.14","6,257.14","6,257.14","","-0.67%"
"08/06/2023","6,297.25","6,299.66","6,299.66","6,299.66","","-0.52%"
"07/30/2023","6,329.86","6,324.81","6,324.81","6,324.81","","-0.15%"
"07/23/2023","6,339.51","6,337.89","6,337.89","6,337.89","","-0.41%"
"07/16/2023","6,365.61","6,361.16","6,361.16","6,361.16","","0.39%"
"07/09/2023","6,341.10","6,325.20","6,325.20","6,325.20","","0.10%"
"07/02/2023","6,334.79","6,331.36","6,331.36","6,331.36","","-0.15%"
"06/25/2023","6,344.09","6,344.09","6,344.09","6,344.09","","0.39%"
"06/18/2023","6,319.25","6,314.14","6,314.14","6,314.14","","0.62%"
"06/11/2023","6,280.02","6,310.60","6,310.60","6,310.60","","-1.15%"
"06/04/2023","6,352.84","6,356.30","6,356.30","6,356.30","","-0.04%"
"05/28/2023","6,355.56","6,332.74","6,332.74","6,332.74","","0.47%"
"05/21/2023","6,325.73","6,281.65","6,281.65","6,281.65","","0.56%"
"05/14/2023","6,290.20","6,260.10","6,260.10","6,260.10","","0.28%"
"05/07/2023","6,272.43","6,261.63","6,261.63","6,261.63","","0.05%"
"04/30/2023","6,269.16","6,270.77","6,270.77","6,270.77","","-0.08%"
"04/23/2023","6,274.06","6,252.16","6,252.16","6,252.16","","0.73%"
"04/16/2023","6,228.65","6,223.06","6,223.06","6,223.06","","0.22%"
"04/09/2023","6,215.18","6,201.55","6,201.55","6,201.55","","0.02%"
"04/02/2023","6,214.20","6,213.45","6,213.45","6,213.45","","0.12%"
"03/26/2023","6,206.80","6,203.92","6,203.92","6,203.92","","-0.14%"
"03/19/2023","6,215.30","6,204.18","6,204.18","6,204.18","","-0.08%"
"03/12/2023","6,220.24","6,243.57","6,243.57","6,243.57","","-0.64%"
"03/05/2023","6,260.18","6,262.31","6,262.31","6,262.31","","0.75%"
"02/26/2023","6,213.74","6,214.69","6,214.69","6,214.69","","0.14%"
"02/19/2023","6,205.12","6,218.84","6,218.84","6,218.84","","-0.66%"
"02/12/2023","6,246.21","6,270.87","6,270.87","6,270.87","","-0.59%"
"02/05/2023","6,283.31","6,280.72","6,280.72","6,280.72","","-0.18%"
"01/29/2023","6,294.73","6,278.84","6,278.84","6,278.84","","-0.02%"
"01/22/2023","6,296.26","6,263.51","6,263.51","6,263.51","","0.49%"
"01/15/2023","6,265.44","6,246.07","6,246.07","6,246.07","","0.94%"
"01/08/2023","6,207.29","6,191.55","6,191.55","6,191.55","","0.22%"
"01/01/2023","6,193.96","6,177.88","6,177.88","6,177.88","","-0.21%"
"12/25/2022","6,206.81","6,189.70","6,189.70","6,189.70","","0.07%"
"12/18/2022","6,202.21","6,238.99","6,238.99","6,238.99","","-0.87%"
"12/11/2022","6,256.83","6,266.96","6,266.96","6,266.96","","0.47%"
"12/04/2022","6,227.82","6,212.55","6,212.55","6,212.55","","-0.28%"
"11/27/2022","6,245.38","6,197.94","6,197.94","6,197.94","","0.49%"
"11/20/2022","6,215.12","6,207.73","6,207.73","6,207.73","","-0.81%"
"11/13/2022","6,265.99","6,253.49","6,253.49","6,253.49","","-1.38%"
"11/06/2022","6,353.77","6,393.03","6,393.03","6,393.03","","-0.89%"
"10/30/2022","6,410.67","6,307.34","6,307.34","6,307.34","","0.51%"
"10/23/2022","6,378.00","6,311.38","6,311.38","6,311.38","","-0.22%"
"10/16/2022","6,392.30","6,413.02","6,413.02","6,413.02","","-1.57%"
"10/09/2022","6,494.25","6,449.63","6,449.63","6,449.63","","-1.15%"
"10/02/2022","6,569.51","6,518.35","6,518.35","6,518.35","","0.83%"
"09/25/2022","6,515.11","6,489.05","6,489.05","6,489.05","","-0.74%"
"09/18/2022","6,564.00","6,600.88","6,600.88","6,600.88","","0.75%"
"09/11/2022","6,515.01","6,528.31","6,528.31","6,528.31","","-0.69%"
"09/04/2022","6,560.02","6,431.35","6,431.35","6,431.35","","0.79%"
"08/28/2022","6,508.61","6,407.98","6,407.98","6,407.98","","2.42%"
"08/21/2022","6,355.07","6,300.14","6,300.14","6,300.14","","1.82%"
"08/14/2022","6,241.44","6,225.91","6,225.91","6,225.91","","1.51%"
"08/07/2022","6,148.77","6,258.95","6,258.95","6,258.95","","-2.59%"
"07/31/2022","6,312.25","6,300.11","6,300.11","6,300.11","","5.55%"
"07/24/2022","5,980.51","6,082.90","6,082.90","6,082.90","","-2.38%"
"07/17/2022","6,126.52","6,216.89","6,216.89","6,216.89","","-3.13%"
"07/10/2022","6,324.50","6,355.49","6,355.49","6,355.49","","-0.67%"
"07/03/2022","6,366.95","6,381.49","6,400.41","6,339.13","","-0.16%"
"06/26/2022","6,376.94","6,313.73","6,387.86","6,291.96","","0.78%"
"06/19/2022","6,327.65","6,432.77","6,460.64","6,299.23","","-1.53%"
"06/12/2022","6,425.73","6,481.38","6,481.38","6,357.43","","-0.84%"
"06/05/2022","6,480.30","6,471.88","6,524.88","6,457.34","","0.45%"
"05/29/2022","6,451.53","6,279.35","6,490.91","6,279.35","","3.42%"
"05/22/2022","6,237.97","6,268.07","6,305.93","6,133.44","","-0.32%"
"05/15/2022","6,258.24","6,565.47","6,565.47","6,252.45","","-4.68%"
"05/08/2022","6,565.47","6,652.93","6,726.06","6,554.12","","-1.17%"
"05/01/2022","6,643.16","6,631.01","6,647.40","6,629.54","","-0.19%"
"04/24/2022","6,655.66","6,662.41","6,720.39","6,635.24","","-0.10%"
"04/17/2022","6,662.36","6,585.03","6,670.73","6,422.46","","1.18%"
"04/10/2022","6,584.97","6,641.23","6,677.72","6,515.88","","-0.85%"
"04/03/2022","6,641.23","6,757.83","6,789.90","6,634.08","","-1.73%"
"03/27/2022","6,757.83","6,752.87","6,784.81","6,730.32","","0.07%"
"03/20/2022","6,752.87","6,765.58","6,807.47","6,652.65","","-0.19%"
"03/13/2022","6,765.58","6,668.14","6,789.59","6,668.14","","1.46%"
"03/06/2022","6,668.14","6,696.52","6,740.80","6,318.61","","-0.42%"
"02/27/2022","6,696.52","6,839.44","6,839.57","6,647.54","","-2.09%"
"02/20/2022","6,839.44","6,926.62","6,970.22","6,830.99","","-2.17%"
"02/13/2022","6,991.35","7,085.94","7,118.40","6,978.98","","-1.33%"
"02/06/2022","7,085.94","7,023.52","7,107.92","7,023.52","","0.89%"
"01/30/2022","7,023.52","7,027.55","7,056.94","6,924.25","","-0.06%"
"01/23/2022","7,027.55","7,105.69","7,133.79","7,015.16","","-1.10%"
"01/16/2022","7,105.69","7,017.22","7,136.31","7,017.22","","1.26%"
"01/09/2022","7,017.22","6,987.45","7,098.52","6,927.08","","0.43%"
"01/02/2022","6,987.45","6,756.65","7,003.89","6,756.65","","3.42%"
"12/26/2021","6,756.65","6,702.61","6,777.83","6,610.17","","0.81%"
"12/19/2021","6,702.61","6,868.17","6,872.82","6,700.07","","-2.41%"
"12/12/2021","6,868.17","6,984.74","7,021.18","6,824.63","","-1.67%"
"12/05/2021","6,984.74","6,936.20","7,055.46","6,931.19","","0.70%"
"11/28/2021","6,936.20","6,852.08","6,948.06","6,699.16","","1.23%"
"11/21/2021","6,852.08","7,091.81","7,134.75","6,845.61","","-3.38%"
"11/14/2021","7,091.81","6,995.92","7,100.37","6,918.85","","1.37%"
"11/07/2021","6,995.92","6,906.71","7,051.94","6,785.20","","1.29%"
"10/31/2021","6,906.71","7,062.35","7,090.48","6,863.78","","-2.20%"
"10/24/2021","7,062.35","7,076.23","7,138.48","6,841.29","","-0.20%"
"10/17/2021","7,076.23","7,243.26","7,283.89","6,986.64","","-2.31%"
"10/10/2021","7,243.26","7,342.96","7,410.62","7,195.10","","-1.36%"
"10/03/2021","7,342.96","7,329.03","7,406.98","7,277.34","","0.19%"
"09/26/2021","7,329.03","7,250.60","7,344.05","7,233.41","","1.08%"
"09/19/2021","7,250.60","7,228.31","7,306.76","7,187.41","","0.31%"
"09/12/2021","7,228.31","7,258.74","7,334.41","7,104.10","","-0.42%"
"09/05/2021","7,258.74","7,057.22","7,275.79","7,045.83","","3.98%"
"08/29/2021","6,981.05","6,851.32","6,991.66","6,819.21","","1.89%"
"08/22/2021","6,851.32","6,760.61","6,923.00","6,760.61","","1.34%"
"08/15/2021","6,760.61","6,699.39","6,821.75","6,698.45","","0.91%"
"08/08/2021","6,699.39","6,596.07","6,705.89","6,523.46","","1.57%"
"08/01/2021","6,596.07","6,425.25","6,600.72","6,425.25","","2.66%"
"07/25/2021","6,425.25","6,425.27","6,447.20","6,375.04","","0.32%"
"07/18/2021","6,405.04","6,307.35","6,407.20","6,307.35","","1.55%"
"07/11/2021","6,307.35","6,212.76","6,310.23","6,196.76","","1.52%"
"07/04/2021","6,212.76","6,150.48","6,239.66","6,150.48","","1.01%"
"06/27/2021","6,150.48","6,092.83","6,156.59","5,982.68","","0.95%"
"06/20/2021","6,092.83","6,052.75","6,144.76","6,000.92","","0.66%"
"06/13/2021","6,052.75","6,066.64","6,098.51","5,985.85","","-0.23%"
"06/06/2021","6,066.64","6,053.42","6,111.84","5,938.98","","0.22%"
"05/30/2021","6,053.42","5,985.81","6,074.58","5,959.83","","1.13%"
"05/23/2021","5,985.81","5,813.06","5,988.52","5,775.26","","2.97%"
"05/16/2021","5,813.06","5,750.49","5,907.01","5,750.49","","1.09%"
"05/09/2021","5,750.49","5,606.01","5,754.16","5,582.42","","2.58%"
"05/02/2021","5,606.01","5,479.61","5,625.91","5,479.61","","2.31%"
"04/25/2021","5,479.61","5,435.03","5,525.58","5,413.01","","0.82%"
"04/18/2021","5,435.03","5,310.18","5,456.64","5,293.23","","2.35%"
"04/11/2021","5,310.18","5,254.77","5,313.95","5,150.25","","1.05%"
"04/04/2021","5,254.77","5,270.53","5,360.38","5,080.40","","-0.30%"
"03/28/2021","5,270.53","5,327.21","5,399.36","5,208.70","","-1.06%"
"03/21/2021","5,327.21","5,434.69","5,451.92","5,289.81","","-1.98%"
"03/14/2021","5,434.69","5,568.85","5,591.30","5,414.96","","-2.41%"
"03/07/2021","5,568.85","5,515.78","5,616.63","5,515.78","","0.96%"
"02/28/2021","5,515.78","5,416.39","5,537.70","5,384.22","","1.83%"
"02/21/2021","5,416.39","5,475.98","5,482.56","5,313.22","","-1.09%"
"02/14/2021","5,475.98","5,485.01","5,597.79","5,419.46","","-0.16%"
"02/07/2021","5,485.01","5,647.67","5,666.62","5,353.35","","-2.88%"
"01/31/2021","5,647.67","5,724.35","5,756.99","5,547.14","","-1.34%"
"01/24/2021","5,724.35","5,836.18","5,853.46","5,685.70","","-1.92%"
"01/17/2021","5,836.18","5,909.30","5,971.79","5,725.67","","-1.24%"
"01/10/2021","5,909.30","5,621.76","5,939.59","5,616.35","","5.11%"
"01/03/2021","5,621.76","5,402.06","5,831.83","5,402.06","","4.07%"
"12/27/2020","5,402.06","5,326.64","5,407.10","5,297.59","","3.52%"
"12/20/2020","5,218.36","5,108.03","5,223.51","5,062.70","","2.16%"
"12/13/2020","5,108.03","5,094.66","5,182.64","5,086.56","","0.26%"
"12/06/2020","5,094.66","4,974.83","5,101.73","4,974.83","","2.41%"
"11/29/2020","4,974.83","4,869.09","4,976.56","4,863.24","","2.17%"
"11/22/2020","4,869.09","4,851.96","4,879.49","4,780.04","","-0.22%"
"11/15/2020","4,879.96","4,905.03","4,919.41","4,862.77","","-0.51%"
"11/08/2020","4,905.03","4,942.12","4,954.82","4,873.10","","-0.75%"
"11/01/2020","4,942.12","4,846.10","4,958.67","4,846.10","","1.98%"
"10/25/2020","4,846.10","4,914.03","4,926.36","4,811.45","","-1.38%"
"10/18/2020","4,914.03","4,872.29","4,945.67","4,856.72","","0.86%"
"10/11/2020","4,872.29","4,916.97","4,928.67","4,803.58","","-0.91%"
"10/04/2020","4,916.97","4,995.31","5,014.25","4,910.10","","-1.57%"
"09/27/2020","4,995.31","4,978.77","5,029.44","4,953.73","","0.33%"
"09/20/2020","4,978.77","5,104.65","5,131.05","4,957.07","","-2.47%"
"09/13/2020","5,104.65","5,105.97","5,134.89","5,072.86","","1.86%"
"09/06/2020","5,011.29","4,927.82","5,016.51","4,927.82","","1.69%"
"08/30/2020","4,927.82","4,873.17","4,947.09","4,839.97","","1.12%"
"08/23/2020","4,873.17","4,794.06","4,884.31","4,713.40","","1.65%"
"08/16/2020","4,794.06","4,703.32","4,952.85","4,686.55","","1.93%"
"08/09/2020","4,703.32","4,364.83","4,739.67","4,364.83","","7.75%"
"08/02/2020","4,364.83","4,214.42","4,368.34","4,214.42","","3.57%"
"07/26/2020","4,214.42","4,080.93","4,218.49","4,080.87","","3.27%"
"07/19/2020","4,080.93","4,043.97","4,088.44","4,039.58","","0.29%"
"07/12/2020","4,069.11","4,077.82","4,111.27","4,058.43","","0.19%"
"07/05/2020","4,061.56","3,986.73","4,063.23","3,977.10","","1.88%"
"06/28/2020","3,986.73","3,969.28","3,989.53","3,965.55","","0.44%"
"06/21/2020","3,969.28","3,960.57","3,970.22","3,959.66","","0.22%"
"06/14/2020","3,960.57","3,967.31","3,971.13","3,954.32","","-0.17%"
"06/07/2020","3,967.31","3,953.38","3,969.47","3,953.38","","0.35%"
"05/31/2020","3,953.38","4,008.28","4,102.76","3,952.47","","-1.37%"
"05/24/2020","4,008.28","4,008.28","4,008.28","4,008.28","","0.00%"
"05/03/2020","4,008.28","4,008.28","4,008.28","4,008.28","","0.00%"
"04/26/2020","4,008.28","4,008.28","4,008.28","4,008.28","","0.00%"
"04/05/2020","4,008.28","4,008.28","4,008.28","4,008.28","","0.00%"
"03/29/2020","4,008.28","4,008.28","4,008.28","4,008.28","","0.00%"
"03/22/2020","4,008.28","3,974.96","4,013.75","3,949.80","","0.84%"
"03/15/2020","3,974.96","4,129.96","4,129.96","3,593.15","","-3.75%"
"03/08/2020","4,129.96","4,384.48","4,393.78","3,998.39","","-5.81%"
"03/01/2020","4,384.48","4,480.22","4,511.25","4,372.75","","-2.14%"
"02/23/2020","4,480.22","4,698.89","4,708.58","4,476.50","","-5.34%"
"02/16/2020","4,733.14","4,564.61","4,826.57","4,564.61","","3.69%"
"02/09/2020","4,564.61","4,452.96","4,569.72","4,374.67","","2.51%"
"02/02/2020","4,452.96","4,469.65","4,526.95","4,443.74","","-0.37%"
"01/26/2020","4,469.65","4,513.89","4,549.79","4,457.77","","-0.98%"
"01/19/2020","4,513.89","4,149.82","4,519.84","4,149.82","","8.77%"
"01/12/2020","4,149.82","4,197.39","4,241.73","4,009.70","","-1.13%"
"01/05/2020","4,197.39","4,459.29","4,465.04","4,187.48","","-5.87%"
"12/29/2019","4,459.29","4,418.83","4,480.39","4,418.83","","0.92%"
"12/22/2019","4,418.83","4,418.83","4,418.83","4,418.83","","-0.85%"
"12/15/2019","4,456.83","4,456.83","4,456.83","4,456.83","","-1.28%"
"12/08/2019","4,514.44","4,514.44","4,514.44","4,514.44","","-3.36%"
"12/01/2019","4,671.33","4,671.33","4,671.33","4,671.33","","-1.27%"
"11/24/2019","4,731.43","4,731.43","4,731.43","4,731.43","","0.53%"
"11/17/2019","4,706.66","4,706.66","4,706.66","4,706.66","","-0.08%"
"11/10/2019","4,710.36","4,710.36","4,710.36","4,710.36","","-1.29%"
"11/03/2019","4,771.91","4,771.91","4,771.91","4,771.91","","1.90%"
"10/27/2019","4,682.90","4,682.90","4,682.90","4,682.90","","-1.87%"
"10/20/2019","4,772.00","4,772.00","4,772.00","4,772.00","","0.02%"
"10/13/2019","4,770.99","4,770.99","4,770.99","4,770.99","","-0.82%"
"10/06/2019","4,810.21","4,810.21","4,810.21","4,810.21","","-2.58%"
"09/29/2019","4,937.82","4,937.82","4,937.82","4,937.82","","-0.62%"
"09/22/2019","4,968.46","4,968.46","4,968.46","4,968.46","","2.32%"
"09/15/2019","4,855.98","4,855.98","4,855.98","4,855.98","","-1.58%"
"09/08/2019","4,933.89","4,933.89","4,933.89","4,933.89","","-1.58%"
"09/01/2019","5,013.01","5,013.01","5,013.01","5,013.01","","-1.62%"
"08/25/2019","5,095.77","5,095.77","5,095.77","5,095.77","","-2.69%"
"08/18/2019","5,236.85","5,236.85","5,236.85","5,236.85","","0.68%"
"08/11/2019","5,201.42","5,201.42","5,201.42","5,201.42","","0.00%"
"08/04/2019","5,201.42","5,201.42","5,201.42","5,201.42","","0.61%"
"07/28/2019","5,169.73","5,169.73","5,169.73","5,169.73","","0.71%"
"07/21/2019","5,133.25","5,133.25","5,133.25","5,133.25","","0.05%"
"07/14/2019","5,130.69","5,130.69","5,130.69","5,130.69","","-1.75%"
"07/07/2019","5,222.30","5,222.30","5,222.30","5,222.30","","-2.95%"
"06/30/2019","5,380.79","5,380.79","5,380.79","5,380.79","","-0.91%"
"06/23/2019","5,430.04","5,430.04","5,430.04","5,430.04","","0.64%"
"06/16/2019","5,395.62","5,395.62","5,395.62","5,395.62","","-1.44%"
"06/09/2019","5,474.30","5,474.30","5,474.30","5,474.30","","1.80%"
"06/02/2019","5,377.74","5,377.74","5,377.74","5,377.74","","0.00%"
"05/26/2019","5,377.74","5,377.74","5,377.74","5,377.74","","2.42%"
"05/19/2019","5,250.59","5,250.59","5,250.59","5,250.59","","0.38%"
"05/12/2019","5,230.78","5,230.78","5,230.78","5,230.78","","-0.85%"
"05/05/2019","5,275.83","5,275.83","5,275.83","5,275.83","","-0.21%"
"04/28/2019","5,286.75","5,286.75","5,286.75","5,286.75","","0.39%"
"04/21/2019","5,266.17","5,266.17","5,266.17","5,266.17","","-1.04%"
"04/14/2019","5,321.41","5,321.41","5,321.41","5,321.41","","-0.09%"
"04/07/2019","5,326.39","5,326.39","5,326.39","5,326.39","","-2.45%"
"03/31/2019","5,459.91","5,459.91","5,459.91","5,459.91","","-0.83%"
"03/24/2019","5,505.49","5,505.49","5,505.49","5,505.49","","-1.16%"
"03/17/2019","5,570.15","5,570.15","5,570.15","5,570.15","","-1.51%"
"03/10/2019","5,655.81","5,655.81","5,655.81","5,655.81","","-0.57%"
"03/03/2019","5,688.45","5,688.45","5,688.45","5,688.45","","-0.41%"
"02/24/2019","5,711.82","5,711.82","5,711.82","5,711.82","","-0.59%"
"02/17/2019","5,745.83","5,745.83","5,745.83","5,745.83","","-0.08%"
"02/10/2019","5,750.29","5,750.29","5,750.29","5,750.29","","-1.06%"
"02/03/2019","5,811.92","5,811.92","5,811.92","5,811.92","","-0.16%"
"01/27/2019","5,821.01","5,821.01","5,821.01","5,821.01","","-2.17%"
"01/20/2019","5,950.01","5,950.01","5,950.01","5,950.01","","2.14%"
"01/13/2019","5,825.57","5,825.57","5,825.57","5,825.57","","0.49%"
"01/06/2019","5,797.30","5,797.30","5,797.30","5,797.30","","3.70%"
"12/30/2018","5,590.47","5,590.47","5,590.47","5,590.47","","3.80%"
"12/23/2018","5,385.64","5,385.64","5,385.64","5,385.64","","2.29%"
"12/16/2018","5,265.31","5,265.31","5,265.31","5,265.31","","0.27%"
"12/09/2018","5,251.01","5,251.01","5,251.01","5,251.01","","-1.53%"
"12/02/2018","5,332.80","5,332.80","5,332.80","5,332.80","","0.98%"
"11/25/2018","5,281.25","5,281.25","5,281.25","5,281.25","","-0.47%"
"11/18/2018","5,305.95","5,305.95","5,305.95","5,305.95","","1.17%"
"11/11/2018","5,244.62","5,244.62","5,244.62","5,244.62","","-0.28%"
"11/04/2018","5,259.11","5,259.11","5,259.11","5,259.11","","0.01%"
"10/28/2018","5,258.47","5,258.47","5,258.47","5,258.47","","-0.45%"
"10/21/2018","5,282.04","5,282.04","5,282.04","5,282.04","","-1.85%"
"10/14/2018","5,381.51","5,381.51","5,381.51","5,381.51","","-0.98%"
"10/07/2018","5,435.01","5,435.01","5,435.01","5,435.01","","0.31%"
"09/30/2018","5,418.27","5,418.27","5,418.27","5,418.27","","1.41%"
"09/23/2018","5,342.88","5,342.88","5,342.88","5,342.88","","-2.27%"
"09/16/2018","5,467.05","5,467.05","5,467.05","5,467.05","","-0.61%"
"09/09/2018","5,500.61","5,500.61","5,500.61","5,500.61","","-1.32%"
"09/02/2018","5,574.24","5,574.24","5,574.24","5,574.24","","-0.47%"
"08/26/2018","5,600.64","5,600.64","5,600.64","5,600.64","","0.53%"
"08/19/2018","5,571.19","5,571.19","5,571.19","5,571.19","","1.89%"
"08/12/2018","5,467.74","5,467.74","5,467.74","5,467.74","","1.12%"
"08/05/2018","5,407.00","5,407.00","5,407.00","5,407.00","","0.13%"
"07/29/2018","5,399.79","5,399.79","5,399.79","5,399.79","","1.78%"
"07/22/2018","5,305.17","5,305.17","5,305.17","5,305.17","","-0.60%"
"07/15/2018","5,337.42","5,337.42","5,337.42","5,337.42","","-0.40%"
"07/08/2018","5,358.90","5,358.90","5,358.90","5,358.90","","-0.06%"
"07/01/2018","5,362.27","5,362.27","5,362.27","5,362.27","","-0.80%"
"06/24/2018","5,405.46","5,405.46","5,405.46","5,405.46","","-0.67%"
"06/17/2018","5,441.75","5,441.75","5,441.75","5,441.75","","1.43%"
"06/10/2018","5,365.22","5,365.22","5,365.22","5,365.22","","-0.03%"
"06/03/2018","5,366.66","5,366.66","5,366.66","5,366.66","","0.43%"
"05/27/2018","5,343.87","5,343.87","5,343.87","5,343.87","","-1.58%"
"05/20/2018","5,429.69","5,429.69","5,429.69","5,429.69","","-0.25%"
"05/13/2018","5,443.30","5,443.30","5,443.30","5,443.30","","-2.58%"
"05/06/2018","5,587.21","5,587.21","5,587.21","5,587.21","","-1.96%"
"04/29/2018","5,698.68","5,698.68","5,698.68","5,698.68","","-1.98%"
"04/22/2018","5,813.79","5,813.79","5,813.79","5,813.79","","-0.51%"
"04/15/2018","5,843.46","5,843.46","5,843.46","5,843.46","","0.52%"
"04/08/2018","5,813.13","5,813.13","5,813.13","5,813.13","","-0.48%"
"04/01/2018","5,841.19","5,841.19","5,841.19","5,841.19","","4.35%"
"03/25/2018","5,597.44","5,597.44","5,597.44","5,597.44","","0.30%"
"03/18/2018","5,580.58","5,580.58","5,580.58","5,580.58","","-2.45%"
"03/11/2018","5,720.59","5,720.59","5,720.59","5,720.59","","-1.84%"
"03/04/2018","5,827.98","5,827.98","5,827.98","5,827.98","","-0.73%"
"02/25/2018","5,870.83","5,870.83","5,870.83","5,870.83","","-0.61%"
"02/18/2018","5,906.98","5,906.98","5,906.98","5,906.98","","-2.37%"
"02/11/2018","6,050.19","6,050.19","6,050.19","6,050.19","","1.42%"
"02/04/2018","5,965.62","5,965.62","5,965.62","5,965.62","","-0.93%"
"01/28/2018","6,021.44","6,021.44","6,021.44","6,021.44","","-3.13%"
"01/21/2018","6,215.80","6,215.80","6,215.80","6,215.80","","1.53%"
"01/14/2018","6,122.23","6,122.23","6,122.23","6,122.23","","-0.92%"
"01/07/2018","6,179.32","6,179.32","6,179.32","6,179.32","","-1.96%"
"12/31/2017","6,302.84","6,302.84","6,302.84","6,302.84","","0.93%"
"12/24/2017","6,244.52","6,244.52","6,244.52","6,244.52","","1.00%"
"12/17/2017","6,182.78","6,182.78","6,182.78","6,182.78","","-0.76%"
"12/10/2017","6,230.01","6,230.01","6,230.01","6,230.01","","-0.29%"
"12/03/2017","6,248.22","6,248.22","6,248.22","6,248.22","","-0.93%"
"11/26/2017","6,306.86","6,306.86","6,306.86","6,306.86","","-0.25%"
"11/19/2017","6,322.51","6,322.51","6,322.51","6,322.51","","0.64%"
"11/12/2017","6,282.09","6,282.09","6,282.09","6,282.09","","1.43%"
"11/05/2017","6,193.56","6,193.56","6,193.56","6,193.56","","1.55%"
"10/29/2017","6,099.02","6,099.02","6,099.02","6,099.02","","1.34%"
"10/22/2017","6,018.25","6,018.25","6,018.25","6,018.25","","-0.35%"
"10/15/2017","6,039.55","6,039.55","6,039.55","6,039.55","","-0.41%"
"10/08/2017","6,064.40","6,064.40","6,064.40","6,064.40","","-2.22%"
"10/01/2017","6,202.31","6,202.31","6,202.31","6,202.31","","1.80%"
"09/24/2017","6,092.84","6,092.84","6,092.84","6,092.84","","-1.26%"
"09/17/2017","6,170.47","6,170.47","6,170.47","6,170.47","","-0.54%"
"09/10/2017","6,203.90","6,203.90","6,203.90","6,203.90","","1.45%"
"09/03/2017","6,114.98","6,114.98","6,114.98","6,114.98","","1.81%"
"08/27/2017","6,006.43","6,006.43","6,006.43","6,006.43","","2.06%"
"08/20/2017","5,885.42","5,885.42","5,885.42","5,885.42","","0.41%"
"08/13/2017","5,861.11","5,861.11","5,861.11","5,861.11","","-0.69%"
"08/06/2017","5,901.80","5,901.80","5,901.80","5,901.80","","0.36%"
"07/30/2017","5,880.44","5,880.44","5,880.44","5,880.44","","1.12%"
"07/23/2017","5,815.07","5,815.07","5,815.07","5,815.07","","0.56%"
"07/16/2017","5,782.47","5,782.47","5,782.47","5,782.47","","-0.90%"
"07/09/2017","5,834.86","5,834.86","5,834.86","5,834.86","","1.48%"
"07/02/2017","5,749.65","5,749.65","5,749.65","5,749.65","","1.66%"
"06/25/2017","5,656.04","5,656.04","5,656.04","5,656.04","","1.02%"
"06/18/2017","5,599.07","5,599.07","5,599.07","5,599.07","","2.39%"
"06/11/2017","5,468.32","5,468.32","5,468.32","5,468.32","","-0.14%"
"06/04/2017","5,475.74","5,475.74","5,475.74","5,475.74","","0.68%"
"05/28/2017","5,438.70","5,438.70","5,438.70","5,438.70","","0.46%"
"05/21/2017","5,413.81","5,413.81","5,413.81","5,413.81","","0.26%"
"05/14/2017","5,399.66","5,399.66","5,399.66","5,399.66","","-1.76%"
"05/07/2017","5,496.20","5,496.20","5,496.20","5,496.20","","-0.80%"
"04/30/2017","5,540.71","5,540.71","5,540.71","5,540.71","","0.11%"
"04/23/2017","5,534.42","5,534.42","5,534.42","5,534.42","","0.23%"
"04/16/2017","5,521.66","5,521.66","5,521.66","5,521.66","","-2.20%"
"04/09/2017","5,645.86","5,645.86","5,645.86","5,645.86","","-1.58%"
"04/02/2017","5,736.40","5,736.40","5,736.40","5,736.40","","0.29%"
"03/26/2017","5,719.61","5,719.61","5,719.61","5,719.61","","-0.12%"
"03/19/2017","5,726.23","5,726.23","5,726.23","5,726.23","","0.44%"
"03/12/2017","5,701.27","5,701.27","5,701.27","5,701.27","","0.52%"
"03/05/2017","5,671.61","5,671.61","5,671.61","5,671.61","","1.52%"
"02/26/2017","5,586.74","5,586.74","5,586.74","5,586.74","","-0.69%"
"02/19/2017","5,625.33","5,625.33","5,625.33","5,625.33","","0.62%"
"02/12/2017","5,590.66","5,590.66","5,590.66","5,590.66","","1.42%"
"02/05/2017","5,512.46","5,512.46","5,512.46","5,512.46","","2.75%"
"01/29/2017","5,365.13","5,365.13","5,365.13","5,365.13","","-4.51%"
"01/22/2017","5,618.64","5,618.64","5,618.64","5,618.64","","1.53%"
"01/15/2017","5,534.06","5,534.06","5,534.06","5,534.06","","3.58%"
"01/08/2017","5,342.87","5,342.87","5,342.87","5,342.87","","3.10%"
"01/01/2017","5,182.24","5,182.24","5,182.24","5,182.24","","2.90%"
"12/25/2016","5,036.05","5,036.05","5,036.05","5,036.05","","1.60%"
"12/18/2016","4,956.73","4,956.73","4,956.73","4,956.73","","0.63%"
"12/11/2016","4,925.72","4,925.72","4,925.72","4,925.72","","0.67%"
"12/04/2016","4,892.81","4,892.81","4,892.81","4,892.81","","1.45%"
"11/27/2016","4,823.02","4,823.02","4,823.02","4,823.02","","0.66%"
"11/20/2016","4,791.33","4,791.33","4,791.33","4,791.33","","1.97%"
"11/13/2016","4,698.54","4,698.54","4,698.54","4,698.54","","0.46%"
"11/06/2016","4,677.13","4,677.13","4,677.13","4,677.13","","0.09%"
"10/30/2016","4,672.87","4,672.87","4,672.87","4,672.87","","0.79%"
"10/23/2016","4,636.23","4,636.23","4,636.23","4,636.23","","-1.20%"
"10/16/2016","4,692.43","4,692.43","4,692.43","4,692.43","","-0.19%"
"10/09/2016","4,701.31","4,701.31","4,701.31","4,701.31","","-0.47%"
"10/02/2016","4,723.72","4,723.72","4,723.72","4,723.72","","0.61%"
"09/25/2016","4,695.18","4,695.18","4,695.18","4,695.18","","0.64%"
"09/18/2016","4,665.35","4,665.35","4,665.35","4,665.35","","1.40%"
"09/11/2016","4,601.08","4,601.08","4,601.08","4,601.08","","0.00%"
"09/04/2016","4,601.08","4,601.08","4,601.08","4,601.08","","1.14%"
"08/28/2016","4,549.04","4,549.04","4,549.04","4,549.04","","-0.11%"
"08/21/2016","4,554.27","4,554.27","4,554.27","4,554.27","","-0.67%"
"08/14/2016","4,585.08","4,585.08","4,585.08","4,585.08","","0.23%"
"08/07/2016","4,574.36","4,574.36","4,574.36","4,574.36","","-0.07%"
"07/31/2016","4,577.57","4,577.57","4,577.57","4,577.57","","0.87%"
"07/24/2016","4,538.26","4,538.26","4,538.26","4,538.26","","-0.34%"
"07/17/2016","4,553.78","4,553.78","4,553.78","4,553.78","","0.35%"
"07/10/2016","4,537.91","4,537.91","4,537.91","4,537.91","","0.67%"
"06/26/2016","4,507.58","4,507.58","4,507.58","4,507.58","","2.88%"
"06/19/2016","4,381.46","4,381.46","4,381.46","4,381.46","","-0.31%"
"06/12/2016","4,395.27","4,395.27","4,395.27","4,395.27","","-0.54%"
"06/05/2016","4,418.98","4,418.98","4,418.98","4,418.98","","-0.61%"
"05/29/2016","4,446.08","4,446.08","4,446.08","4,446.08","","1.32%"
"05/22/2016","4,388.00","4,388.00","4,388.00","4,388.00","","-0.11%"
"05/15/2016","4,392.87","4,392.87","4,392.87","4,392.87","","2.19%"
"05/08/2016","4,298.65","4,298.65","4,298.65","4,298.65","","-0.19%"
"05/01/2016","4,306.79","4,306.79","4,306.79","4,306.79","","2.65%"
"04/24/2016","4,195.69","4,195.69","4,195.69","4,195.69","","-3.33%"
"04/17/2016","4,340.34","4,340.34","4,340.34","4,340.34","","-1.55%"
"04/10/2016","4,408.64","4,408.64","4,408.64","4,408.64","","-0.77%"
"04/03/2016","4,443.06","4,443.06","4,443.06","4,443.06","","1.96%"
"03/27/2016","4,357.53","4,357.53","4,357.53","4,357.53","","-0.30%"
"03/20/2016","4,370.49","4,370.49","4,370.49","4,370.49","","-1.70%"
"03/13/2016","4,446.28","4,446.28","4,446.28","4,446.28","","-0.85%"
"03/06/2016","4,484.52","4,484.52","4,484.52","4,484.52","","0.26%"
"02/28/2016","4,472.83","4,472.83","4,472.83","4,472.83","","-2.07%"
"02/21/2016","4,567.56","4,567.56","4,567.56","4,567.56","","-0.44%"
"02/14/2016","4,587.66","4,587.66","4,587.66","4,587.66","","0.14%"
"02/07/2016","4,581.34","4,581.34","4,581.34","4,581.34","","0.22%"
"01/31/2016","4,571.11","4,571.11","4,571.11","4,571.11","","-0.05%"
"01/24/2016","4,573.58","4,573.58","4,573.58","4,573.58","","-1.81%"
"01/17/2016","4,657.94","4,657.94","4,657.94","4,657.94","","-0.79%"
"01/10/2016","4,694.95","4,694.95","4,694.95","4,694.95","","0.40%"
"01/03/2016","4,676.08","4,676.08","4,676.08","4,676.08","","1.55%"
"12/27/2015","4,604.91","4,604.91","4,604.91","4,604.91","","-0.07%"
"12/20/2015","4,608.32","4,608.32","4,608.32","4,608.32","","1.93%"
"12/13/2015","4,520.87","4,520.87","4,520.87","4,520.87","","-1.36%"
"12/06/2015","4,583.41","4,583.41","4,583.41","4,583.41","","-1.24%"
"11/29/2015","4,641.03","4,641.03","4,641.03","4,641.03","","1.47%"
"11/22/2015","4,573.75","4,573.75","4,573.75","4,573.75","","0.93%"
"11/15/2015","4,531.62","4,531.62","4,531.62","4,531.62","","2.21%"
"11/08/2015","4,433.57","4,433.57","4,433.57","4,433.57","","-1.52%"
"11/01/2015","4,502.16","4,502.16","4,502.16","4,502.16","","-1.37%"
"10/25/2015","4,564.48","4,564.48","4,564.48","4,564.48","","-1.79%"
"10/18/2015","4,647.67","4,647.67","4,647.67","4,647.67","","-0.62%"
"10/11/2015","4,676.62","4,676.62","4,676.62","4,676.62","","-2.19%"
"10/04/2015","4,781.36","4,781.36","4,781.36","4,781.36","","-1.56%"
"09/27/2015","4,856.96","4,856.96","4,856.96","4,856.96","","0.08%"
"09/20/2015","4,853.29","4,853.29","4,853.29","4,853.29","","0.70%"
"09/13/2015","4,819.45","4,819.45","4,819.45","4,819.45","","1.25%"
"09/06/2015","4,760.14","4,760.14","4,760.14","4,760.14","","-0.12%"
"08/30/2015","4,765.72","4,765.72","4,765.72","4,765.72","","-0.98%"
"08/23/2015","4,812.82","4,812.82","4,812.82","4,812.82","","-0.56%"
"08/16/2015","4,840.15","4,840.15","4,840.15","4,840.15","","0.65%"
"08/09/2015","4,808.87","4,808.87","4,808.87","4,808.87","","-1.14%"
"08/02/2015","4,864.45","4,864.45","4,864.45","4,864.45","","1.51%"
"07/26/2015","4,792.30","4,792.30","4,792.30","4,792.30","","-0.33%"
"07/19/2015","4,808.39","4,808.39","4,808.39","4,808.39","","3.27%"
"07/12/2015","4,656.13","4,656.13","4,656.13","4,656.13","","1.22%"
"07/05/2015","4,599.91","4,599.91","4,599.91","4,599.91","","0.60%"
"06/28/2015","4,572.58","4,572.58","4,572.58","4,572.58","","2.63%"
"06/21/2015","4,455.28","4,455.28","4,455.28","4,455.28","","-1.43%"
"06/14/2015","4,519.85","4,519.85","4,519.85","4,519.85","","0.10%"
"06/07/2015","4,515.13","4,515.13","4,515.13","4,515.13","","-1.66%"
"05/31/2015","4,591.42","4,591.42","4,591.42","4,591.42","","1.03%"
"05/24/2015","4,544.70","4,544.70","4,544.70","4,544.70","","1.37%"
"05/17/2015","4,483.28","4,483.28","4,483.28","4,483.28","","3.90%"
"05/10/2015","4,314.88","4,314.88","4,314.88","4,314.88","","4.67%"
"05/03/2015","4,122.32","4,122.32","4,122.32","4,122.32","","1.85%"
"04/26/2015","4,047.28","4,047.28","4,047.28","4,047.28","","-3.46%"
"04/19/2015","4,192.20","4,192.20","4,192.20","4,192.20","","-4.14%"
"04/12/2015","4,373.33","4,373.33","4,373.33","4,373.33","","0.63%"
"04/05/2015","4,345.89","4,345.89","4,345.89","4,345.89","","-2.82%"
"03/29/2015","4,472.13","4,472.13","4,472.13","4,472.13","","-0.82%"
"03/22/2015","4,509.30","4,509.30","4,509.30","4,509.30","","0.92%"
"03/15/2015","4,468.02","4,468.02","4,468.02","4,468.02","","-1.95%"
"03/08/2015","4,556.94","4,556.94","4,556.94","4,556.94","","-2.31%"
"03/01/2015","4,664.91","4,664.91","4,664.91","4,664.91","","-2.06%"
"02/22/2015","4,763.21","4,763.21","4,763.21","4,763.21","","-0.52%"
"02/15/2015","4,788.23","4,788.23","4,788.23","4,788.23","","-1.10%"
"02/08/2015","4,841.72","4,841.72","4,841.72","4,841.72","","3.34%"
"02/01/2015","4,685.03","4,685.03","4,685.03","4,685.03","","-0.83%"
"01/25/2015","4,724.04","4,724.04","4,724.04","4,724.04","","-1.54%"
"01/18/2015","4,797.95","4,797.95","4,797.95","4,797.95","","-3.19%"
"01/11/2015","4,956.09","4,956.09","4,956.09","4,956.09","","-0.25%"
"01/04/2015","4,968.71","4,968.71","4,968.71","4,968.71","","0.55%"
"12/28/2014","4,941.51","4,941.51","4,941.51","4,941.51","","2.45%"
"12/21/2014","4,823.57","4,823.57","4,823.57","4,823.57","","-0.68%"
"12/14/2014","4,856.41","4,856.41","4,856.41","4,856.41","","-1.55%"
"12/07/2014","4,933.03","4,933.03","4,933.03","4,933.03","","-0.58%"
"11/30/2014","4,961.84","4,961.84","4,961.84","4,961.84","","3.97%"
"11/23/2014","4,772.55","4,772.55","4,772.55","4,772.55","","-2.59%"
"11/16/2014","4,899.60","4,899.60","4,899.60","4,899.60","","-1.70%"
"11/09/2014","4,984.46","4,984.46","4,984.46","4,984.46","","-0.81%"
"11/02/2014","5,025.10","5,025.10","5,025.10","5,025.10","","-2.86%"
"10/26/2014","5,173.23","5,173.23","5,173.23","5,173.23","","0.37%"
"10/19/2014","5,154.10","5,154.10","5,154.10","5,154.10","","-2.49%"
"10/12/2014","5,285.83","5,285.83","5,285.83","5,285.83","","0.92%"
"09/28/2014","5,237.72","5,237.72","5,237.72","5,237.72","","4.19%"
"09/21/2014","5,026.92","5,026.92","5,026.92","5,026.92","","3.30%"
"09/14/2014","4,866.19","4,866.19","4,866.19","4,866.19","","4.07%"
"09/07/2014","4,675.91","4,675.91","4,675.91","4,675.91","","0.72%"
"08/31/2014","4,642.37","4,642.37","4,642.37","4,642.37","","1.41%"
"08/24/2014","4,577.99","4,577.99","4,577.99","4,577.99","","0.68%"
"08/17/2014","4,547.05","4,547.05","4,547.05","4,547.05","","-0.16%"
"08/10/2014","4,554.51","4,554.51","4,554.51","4,554.51","","1.52%"
"08/03/2014","4,486.19","4,486.19","4,486.19","4,486.19","","1.33%"
"07/20/2014","4,427.15","4,427.15","4,427.15","4,427.15","","0.80%"
"07/13/2014","4,392.15","4,392.15","4,392.15","4,392.15","","0.67%"
"07/06/2014","4,363.08","4,363.08","4,363.08","4,363.08","","-1.65%"
"06/29/2014","4,436.20","4,436.20","4,436.20","4,436.20","","0.61%"
"06/22/2014","4,409.42","4,409.42","4,409.42","4,409.42","","1.87%"
"06/15/2014","4,328.40","4,328.40","4,328.40","4,328.40","","-1.82%"
"06/08/2014","4,408.80","4,408.80","4,408.80","4,408.80","","0.28%"
"06/01/2014","4,396.54","4,396.54","4,396.54","4,396.54","","-0.77%"
"05/25/2014","4,430.47","4,430.47","4,430.47","4,430.47","","1.06%"
"05/18/2014","4,384.06","4,384.06","4,384.06","4,384.06","","-0.74%"
"05/11/2014","4,416.95","4,416.95","4,416.95","4,416.95","","-3.03%"
"05/04/2014","4,555.11","4,555.11","4,555.11","4,555.11","","-0.26%"
"04/27/2014","4,566.85","4,566.85","4,566.85","4,566.85","","-2.88%"
"04/20/2014","4,702.45","4,702.45","4,702.45","4,702.45","","2.25%"
"04/13/2014","4,598.91","4,598.91","4,598.91","4,598.91","","0.13%"
"04/06/2014","4,592.73","4,592.73","4,592.73","4,592.73","","-0.62%"
"03/30/2014","4,621.22","4,621.22","4,621.22","4,621.22","","2.51%"
"03/23/2014","4,508.05","4,508.05","4,508.05","4,508.05","","-1.12%"
"03/16/2014","4,558.93","4,558.93","4,558.93","4,558.93","","-1.65%"
"03/09/2014","4,635.33","4,635.33","4,635.33","4,635.33","","-1.37%"
"03/02/2014","4,699.62","4,699.62","4,699.62","4,699.62","","-1.06%"
"02/23/2014","4,749.86","4,749.86","4,749.86","4,749.86","","-0.24%"
"02/16/2014","4,761.18","4,761.18","4,761.18","4,761.18","","0.04%"
"02/09/2014","4,759.32","4,759.32","4,759.32","4,759.32","","-1.77%"
"02/02/2014","4,845.08","4,845.08","4,845.08","4,845.08","","1.93%"
"01/26/2014","4,753.17","4,753.17","4,753.17","4,753.17","","1.07%"
"01/19/2014","4,702.66","4,702.66","4,702.66","4,702.66","","4.06%"
"01/12/2014","4,519.35","4,519.35","4,519.35","4,519.35","","2.53%"
"01/05/2014","4,407.82","4,407.82","4,407.82","4,407.82","","2.17%"
"12/29/2013","4,314.09","4,314.09","4,314.09","4,314.09","","2.69%"
"12/22/2013","4,200.96","4,200.96","4,200.96","4,200.96","","-1.03%"
"12/15/2013","4,244.63","4,244.63","4,244.63","4,244.63","","-1.28%"
"12/08/2013","4,299.58","4,299.58","4,299.58","4,299.58","","0.52%"
"12/01/2013","4,277.39","4,277.39","4,277.39","4,277.39","","1.10%"
"11/24/2013","4,230.72","4,230.72","4,230.72","4,230.72","","-3.76%"
"11/17/2013","4,395.93","4,395.93","4,395.93","4,395.93","","3.64%"
"11/10/2013","4,241.54","4,241.54","4,241.54","4,241.54","","0.97%"
"11/03/2013","4,200.80","4,200.80","4,200.80","4,200.80","","5.87%"
"10/27/2013","3,967.72","3,967.72","3,967.72","3,967.72","","4.43%"
"10/20/2013","3,799.27","3,799.27","3,799.27","3,799.27","","-1.15%"
"10/06/2013","3,843.55","3,843.55","3,843.55","3,843.55","","-2.66%"
"09/29/2013","3,948.44","3,948.44","3,948.44","3,948.44","","-1.62%"
"09/22/2013","4,013.37","4,013.37","4,013.37","4,013.37","","-2.06%"
"09/15/2013","4,097.71","4,097.71","4,097.71","4,097.71","","0.48%"
"09/08/2013","4,077.94","4,077.94","4,077.94","4,077.94","","-0.98%"
"09/01/2013","4,118.49","4,118.49","4,118.49","4,118.49","","-0.22%"
"08/25/2013","4,127.48","4,127.48","4,127.48","4,127.48","","0.05%"
"08/18/2013","4,125.27","4,125.27","4,125.27","4,125.27","","3.56%"
"08/11/2013","3,983.46","3,983.46","3,983.46","3,983.46","","2.35%"
"08/04/2013","3,891.97","3,891.97","3,891.97","3,891.97","","-0.51%"
"07/28/2013","3,911.75","3,911.75","3,911.75","3,911.75","","-1.69%"
"07/21/2013","3,979.19","3,979.19","3,979.19","3,979.19","","-5.79%"
"07/14/2013","4,223.61","4,223.61","4,223.61","4,223.61","","-0.92%"
"07/07/2013","4,262.93","4,262.93","4,262.93","4,262.93","","-0.18%"
"06/30/2013","4,270.42","4,270.42","4,270.42","4,270.42","","2.92%"
"06/23/2013","4,149.16","4,149.16","4,149.16","4,149.16","","-1.54%"
"06/16/2013","4,213.92","4,213.92","4,213.92","4,213.92","","3.29%"
"06/09/2013","4,079.80","4,079.80","4,079.80","4,079.80","","1.28%"
"06/02/2013","4,028.12","4,028.12","4,028.12","4,028.12","","3.87%"
"05/26/2013","3,878.07","3,878.07","3,878.07","3,878.07","","3.08%"
"05/19/2013","3,762.08","3,762.08","3,762.08","3,762.08","","-0.31%"
"05/12/2013","3,773.78","3,773.78","3,773.78","3,773.78","","6.03%"
"05/05/2013","3,559.25","3,559.25","3,559.25","3,559.25","","2.63%"
"04/28/2013","3,468.18","3,468.18","3,468.18","3,468.18","","-1.01%"
"04/21/2013","3,503.56","3,503.56","3,503.56","3,503.56","","-1.90%"
"04/14/2013","3,571.26","3,571.26","3,571.26","3,571.26","","-0.52%"
"04/07/2013","3,590.02","3,590.02","3,590.02","3,590.02","","2.34%"
"03/31/2013","3,507.85","3,507.85","3,507.85","3,507.85","","-4.72%"
"03/24/2013","3,681.65","3,681.65","3,681.65","3,681.65","","-4.54%"
"03/17/2013","3,856.61","3,856.61","3,856.61","3,856.61","","0.28%"
"03/10/2013","3,845.80","3,845.80","3,845.80","3,845.80","","0.34%"
"03/03/2013","3,832.85","3,832.85","3,832.85","3,832.85","","-3.53%"
"02/24/2013","3,973.28","3,973.28","3,973.28","3,973.28","","-4.38%"
"02/17/2013","4,155.45","4,155.45","4,155.45","4,155.45","","-3.47%"
"02/10/2013","4,304.97","4,304.97","4,304.97","4,304.97","","2.51%"
"02/03/2013","4,199.58","4,199.58","4,199.58","4,199.58","","1.53%"